<?xml version="1.0" encoding="us-ascii"?>
<!DOCTYPE search SYSTEM "behaviorsearch.dtd">
<search>
<bsearchVersionNumber>1,02</bsearchVersionNumber>
<modelInfo>
<modelFile>/home/delaye/github/MAPS-10/supports-cours/explorations-modeles/Ants_es.nlogo</modelFile>
<modelSetupCommands>setup</modelSetupCommands>
<modelStepCommands>go</modelStepCommands>
<modelStopCondition>sugar_in_word &lt;= 0</modelStopCondition>
<modelStepLimit>4000</modelStepLimit>
<modelMetricReporter>ticks</modelMetricReporter>
<modelMeasureIf>true</modelMeasureIf>
</modelInfo>
<fitnessInfo>
<fitnessMinimized>false</fitnessMinimized>
<fitnessCollecting>AT_FINAL_STEP</fitnessCollecting>
<fitnessSamplingReplications>10</fitnessSamplingReplications>
<fitnessCombineReplications>MEAN</fitnessCombineReplications>
</fitnessInfo>
<searchSpace>
<paramSpec>["diffusion-rate" [0 1 99]]</paramSpec>
<paramSpec>["evaporation-rate" [0 1 99]]</paramSpec>
<paramSpec>["population" 150]</paramSpec>
</searchSpace>
<searchMethod type="StandardGA">
<searchMethodParameter name="mutation-rate" value="0.03"/>
<searchMethodParameter name="population-size" value="50"/>
<searchMethodParameter name="crossover-rate" value="0.7"/>
<searchMethodParameter name="population-model" value="generational"/>
<searchMethodParameter name="tournament-size" value="3"/>
</searchMethod>
<chromosomeRepresentation type="GrayBinaryChromosome"/>
<caching>true</caching>
<evaluationLimit>300</evaluationLimit>
<bestCheckingNumReplications>0</bestCheckingNumReplications>
</search>
